SET session_replication_role = 'replica';
INSERT INTO "directus_fields" ("id", "collection", "field", "special", "interface", "options", "display", "display_options", "readonly", "hidden", "sort", "width", "translations", "note", "conditions", "required", "group", "validation", "validation_message") VALUES (DEFAULT, 'User', 'Profile', 'alias,no-data,group', 'group-detail', '{"headerIcon":"personal_injury","headerColor":"#E35169"}', NULL, NULL, false, false, 1, 'full', NULL, NULL, NULL, false, NULL, NULL, NULL);
INSERT INTO "directus_fields" ("id", "collection", "field", "special", "interface", "options", "display", "display_options", "readonly", "hidden", "sort", "width", "translations", "note", "conditions", "required", "group", "validation", "validation_message") VALUES (DEFAULT, 'User', 'loginType', NULL, NULL, NULL, NULL, NULL, true, false, 2, 'half', NULL, NULL, NULL, false, 'Profile', NULL, NULL);
INSERT INTO "directus_fields" ("id", "collection", "field", "special", "interface", "options", "display", "display_options", "readonly", "hidden", "sort", "width", "translations", "note", "conditions", "required", "group", "validation", "validation_message") VALUES (DEFAULT, 'User', 'email', NULL, 'input', NULL, NULL, NULL, true, false, 5, 'full', NULL, NULL, NULL, false, 'Profile', NULL, NULL);
INSERT INTO "directus_fields" ("id", "collection", "field", "special", "interface", "options", "display", "display_options", "readonly", "hidden", "sort", "width", "translations", "note", "conditions", "required", "group", "validation", "validation_message") VALUES (DEFAULT, 'SystemConfig', 'id', 'uuid', NULL, NULL, NULL, NULL, false, true, 1, 'full', NULL, NULL, NULL, false, NULL, NULL, NULL);
INSERT INTO "directus_fields" ("id", "collection", "field", "special", "interface", "options", "display", "display_options", "readonly", "hidden", "sort", "width", "translations", "note", "conditions", "required", "group", "validation", "validation_message") VALUES (DEFAULT, 'SystemConfig', 'settingsBannerDescription', NULL, 'input', NULL, NULL, NULL, false, false, 2, 'full', NULL, NULL, NULL, false, 'settingsBanner', NULL, NULL);
INSERT INTO "directus_fields" ("id", "collection", "field", "special", "interface", "options", "display", "display_options", "readonly", "hidden", "sort", "width", "translations", "note", "conditions", "required", "group", "validation", "validation_message") VALUES (DEFAULT, 'SystemConfig', 'settingsBannerLink', NULL, 'input', '{}', NULL, NULL, false, false, 3, 'full', NULL, NULL, NULL, false, 'settingsBanner', NULL, NULL);
INSERT INTO "directus_fields" ("id", "collection", "field", "special", "interface", "options", "display", "display_options", "readonly", "hidden", "sort", "width", "translations", "note", "conditions", "required", "group", "validation", "validation_message") VALUES (DEFAULT, 'NftCollection', 'nfts', 'o2m', 'list-o2m', '{"layout":"table","fields":["name","tokenId","ownedWalletAddress.userId.nickName"],"enableCreate":false,"enableSelect":false,"enableSearchFilter":true,"enableLink":true}', 'related-values', NULL, false, false, 9, 'full', NULL, NULL, NULL, false, NULL, NULL, NULL);
INSERT INTO "directus_fields" ("id", "collection", "field", "special", "interface", "options", "display", "display_options", "readonly", "hidden", "sort", "width", "translations", "note", "conditions", "required", "group", "validation", "validation_message") VALUES (DEFAULT, 'Wallet', 'nfts', 'o2m', 'list-o2m', '{"layout":"table","tableSpacing":"compact","fields":["name","tokenAddress","selected"],"enableCreate":false,"enableSelect":false,"enableSearchFilter":true,"enableLink":true}', 'related-values', NULL, false, false, 7, 'full', NULL, NULL, NULL, false, NULL, NULL, NULL);
INSERT INTO "directus_fields" ("id", "collection", "field", "special", "interface", "options", "display", "display_options", "readonly", "hidden", "sort", "width", "translations", "note", "conditions", "required", "group", "validation", "validation_message") VALUES (DEFAULT, 'SpaceBenefit', 'id', 'uuid', NULL, NULL, NULL, NULL, false, true, 1, 'full', NULL, NULL, NULL, false, NULL, NULL, NULL);
INSERT INTO "directus_fields" ("id", "collection", "field", "special", "interface", "options", "display", "display_options", "readonly", "hidden", "sort", "width", "translations", "note", "conditions", "required", "group", "validation", "validation_message") VALUES (DEFAULT, 'SpaceBenefit', 'createdAt', NULL, NULL, NULL, NULL, NULL, false, true, 2, 'full', NULL, NULL, NULL, false, NULL, NULL, NULL);
INSERT INTO "directus_fields" ("id", "collection", "field", "special", "interface", "options", "display", "display_options", "readonly", "hidden", "sort", "width", "translations", "note", "conditions", "required", "group", "validation", "validation_message") VALUES (DEFAULT, 'SpaceBenefit', 'updatedAt', NULL, NULL, NULL, NULL, NULL, false, true, 3, 'full', NULL, NULL, NULL, false, NULL, NULL, NULL);
INSERT INTO "directus_fields" ("id", "collection", "field", "special", "interface", "options", "display", "display_options", "readonly", "hidden", "sort", "width", "translations", "note", "conditions", "required", "group", "validation", "validation_message") VALUES (DEFAULT, 'SpaceBenefit', 'deleted', 'cast-boolean', NULL, NULL, NULL, NULL, false, true, 4, 'full', NULL, NULL, NULL, false, NULL, NULL, NULL);
INSERT INTO "directus_fields" ("id", "collection", "field", "special", "interface", "options", "display", "display_options", "readonly", "hidden", "sort", "width", "translations", "note", "conditions", "required", "group", "validation", "validation_message") VALUES (DEFAULT, 'SpaceBenefit', 'spaceId', 'uuid', 'select-dropdown-m2o', '{"template":"{{name}}","enableCreate":false}', NULL, NULL, false, false, 5, 'full', NULL, NULL, NULL, false, NULL, NULL, NULL);
INSERT INTO "directus_fields" ("id", "collection", "field", "special", "interface", "options", "display", "display_options", "readonly", "hidden", "sort", "width", "translations", "note", "conditions", "required", "group", "validation", "validation_message") VALUES (DEFAULT, 'SpaceBenefit', 'active', 'cast-boolean', 'boolean', NULL, NULL, NULL, false, false, 6, 'full', NULL, NULL, NULL, false, NULL, NULL, NULL);
INSERT INTO "directus_fields" ("id", "collection", "field", "special", "interface", "options", "display", "display_options", "readonly", "hidden", "sort", "width", "translations", "note", "conditions", "required", "group", "validation", "validation_message") VALUES (DEFAULT, 'SpaceBenefit', 'description', NULL, 'input', NULL, NULL, NULL, false, false, 7, 'full', NULL, NULL, NULL, false, NULL, NULL, NULL);
INSERT INTO "directus_fields" ("id", "collection", "field", "special", "interface", "options", "display", "display_options", "readonly", "hidden", "sort", "width", "translations", "note", "conditions", "required", "group", "validation", "validation_message") VALUES (DEFAULT, 'SpaceBenefit', 'level', NULL, 'select-dropdown-custom', '{"choices":[{"text":"Level 1","value":"LEVEL1"},{"text":"Level 2","value":"LEVEL2"},{"text":"Level 3","value":"LEVEL3"},{"text":"Level 4","value":"LEVEL4"},{"text":"Level 5","value":"LEVEL5"}]}', NULL, NULL, false, false, 8, 'full', NULL, NULL, NULL, false, NULL, NULL, NULL);
INSERT INTO "directus_fields" ("id", "collection", "field", "special", "interface", "options", "display", "display_options", "readonly", "hidden", "sort", "width", "translations", "note", "conditions", "required", "group", "validation", "validation_message") VALUES (DEFAULT, 'SystemConfig', 'settingsBannerHeading', NULL, 'input', NULL, NULL, NULL, false, false, 1, 'full', NULL, NULL, NULL, false, 'settingsBanner', NULL, NULL);
INSERT INTO "directus_fields" ("id", "collection", "field", "special", "interface", "options", "display", "display_options", "readonly", "hidden", "sort", "width", "translations", "note", "conditions", "required", "group", "validation", "validation_message") VALUES (DEFAULT, 'SystemConfig', 'createdAt', NULL, NULL, NULL, NULL, NULL, false, true, 2, 'full', NULL, NULL, NULL, false, NULL, NULL, NULL);
INSERT INTO "directus_fields" ("id", "collection", "field", "special", "interface", "options", "display", "display_options", "readonly", "hidden", "sort", "width", "translations", "note", "conditions", "required", "group", "validation", "validation_message") VALUES (DEFAULT, 'SystemConfig', 'updatedAt', NULL, NULL, NULL, NULL, NULL, false, true, 3, 'full', NULL, NULL, NULL, false, NULL, NULL, NULL);
INSERT INTO "directus_fields" ("id", "collection", "field", "special", "interface", "options", "display", "display_options", "readonly", "hidden", "sort", "width", "translations", "note", "conditions", "required", "group", "validation", "validation_message") VALUES (DEFAULT, 'SpaceBenefit', 'singleUse', 'cast-boolean', 'boolean', NULL, NULL, NULL, false, false, 9, 'full', NULL, NULL, NULL, false, NULL, NULL, NULL);
INSERT INTO "directus_fields" ("id", "collection", "field", "special", "interface", "options", "display", "display_options", "readonly", "hidden", "sort", "width", "translations", "note", "conditions", "required", "group", "validation", "validation_message") VALUES (DEFAULT, 'SpaceBenefit', 'isRepresentative', 'cast-boolean', 'boolean', NULL, NULL, NULL, false, false, 10, 'full', NULL, NULL, NULL, false, NULL, NULL, NULL);
INSERT INTO "directus_fields" ("id", "collection", "field", "special", "interface", "options", "display", "display_options", "readonly", "hidden", "sort", "width", "translations", "note", "conditions", "required", "group", "validation", "validation_message") VALUES (DEFAULT, 'SystemConfig', 'settingsBanner', 'alias,no-data,group', 'group-detail', '{"headerIcon":"warning","headerColor":"#E35169"}', NULL, NULL, false, false, 4, 'full', NULL, NULL, NULL, false, NULL, NULL, NULL);
INSERT INTO "directus_fields" ("id", "collection", "field", "special", "interface", "options", "display", "display_options", "readonly", "hidden", "sort", "width", "translations", "note", "conditions", "required", "group", "validation", "validation_message") VALUES (DEFAULT, 'NftCollection', 'benefitUsages', 'o2m', 'list-o2m', '{"enableCreate":false,"enableSelect":false,"layout":"table","fields":["createdAt","benefitId.description","benefitId.spaceId.name","userId.nickName"]}', 'related-values', NULL, false, false, 10, 'full', NULL, NULL, NULL, false, NULL, NULL, NULL);
INSERT INTO "directus_fields" ("id", "collection", "field", "special", "interface", "options", "display", "display_options", "readonly", "hidden", "sort", "width", "translations", "note", "conditions", "required", "group", "validation", "validation_message") VALUES (DEFAULT, 'NftCollection', 'chain', NULL, 'select-dropdown-custom', '{"choices":[{"text":"ETHEREUM","value":"ETHEREUM"},{"text":"POLYGON","value":"POLYGON"},{"text":"MUMBAI","value":"MUMBAI"}]}', NULL, NULL, true, false, 4, 'half', NULL, NULL, NULL, false, 'nftInformation', NULL, NULL);
INSERT INTO "directus_fields" ("id", "collection", "field", "special", "interface", "options", "display", "display_options", "readonly", "hidden", "sort", "width", "translations", "note", "conditions", "required", "group", "validation", "validation_message") VALUES (DEFAULT, 'Space', 'name', NULL, 'input', NULL, NULL, NULL, false, false, 1, 'half', NULL, NULL, NULL, false, 'Baics', NULL, NULL);
INSERT INTO "directus_fields" ("id", "collection", "field", "special", "interface", "options", "display", "display_options", "readonly", "hidden", "sort", "width", "translations", "note", "conditions", "required", "group", "validation", "validation_message") VALUES (DEFAULT, 'Space', 'category', NULL, 'select-dropdown-custom', '{"choices":[{"text":"Pub","value":"PUB"},{"text":"Cafe","value":"CAFE"},{"text":"Coworking","value":"COWORKING"},{"text":"Music","value":"MUSIC"},{"text":"Meal","value":"MEAL"}]}', NULL, NULL, false, false, 2, 'half', NULL, NULL, NULL, false, 'Baics', NULL, NULL);
INSERT INTO "directus_fields" ("id", "collection", "field", "special", "interface", "options", "display", "display_options", "readonly", "hidden", "sort", "width", "translations", "note", "conditions", "required", "group", "validation", "validation_message") VALUES (DEFAULT, 'User', 'benefitUsages', 'o2m', 'list-o2m', '{"layout":"table","fields":["createdAt","benefitId.spaceId.name","benefitId.description","tokenAddress","benefitId.level"],"enableCreate":false,"enableSelect":false,"enableSearchFilter":true,"enableLink":true}', 'related-values', NULL, false, false, 10, 'full', NULL, NULL, NULL, false, NULL, NULL, NULL);
INSERT INTO "directus_fields" ("id", "collection", "field", "special", "interface", "options", "display", "display_options", "readonly", "hidden", "sort", "width", "translations", "note", "conditions", "required", "group", "validation", "validation_message") VALUES (DEFAULT, 'Space', 'introduction', NULL, 'input-multiline', NULL, NULL, NULL, false, false, 3, 'full', NULL, NULL, NULL, false, 'Baics', NULL, NULL);
INSERT INTO "directus_fields" ("id", "collection", "field", "special", "interface", "options", "display", "display_options", "readonly", "hidden", "sort", "width", "translations", "note", "conditions", "required", "group", "validation", "validation_message") VALUES (DEFAULT, 'Space', 'locationDescription', NULL, 'input-multiline', NULL, NULL, NULL, false, false, 4, 'full', NULL, NULL, NULL, false, 'Baics', NULL, NULL);
INSERT INTO "directus_fields" ("id", "collection", "field", "special", "interface", "options", "display", "display_options", "readonly", "hidden", "sort", "width", "translations", "note", "conditions", "required", "group", "validation", "validation_message") VALUES (DEFAULT, 'Space', 'address', NULL, 'input', NULL, NULL, NULL, false, false, 5, 'full', NULL, NULL, NULL, false, 'Baics', NULL, NULL);
INSERT INTO "directus_fields" ("id", "collection", "field", "special", "interface", "options", "display", "display_options", "readonly", "hidden", "sort", "width", "translations", "note", "conditions", "required", "group", "validation", "validation_message") VALUES (DEFAULT, 'Space', 'imageId', NULL, 'file-image', NULL, 'image', NULL, false, false, 6, 'full', NULL, NULL, NULL, false, 'Baics', NULL, NULL);
INSERT INTO "directus_fields" ("id", "collection", "field", "special", "interface", "options", "display", "display_options", "readonly", "hidden", "sort", "width", "translations", "note", "conditions", "required", "group", "validation", "validation_message") VALUES (DEFAULT, 'SpaceBenefitUsage', 'id', 'uuid', NULL, NULL, NULL, NULL, false, true, NULL, 'full', NULL, NULL, NULL, false, NULL, NULL, NULL);
INSERT INTO "directus_fields" ("id", "collection", "field", "special", "interface", "options", "display", "display_options", "readonly", "hidden", "sort", "width", "translations", "note", "conditions", "required", "group", "validation", "validation_message") VALUES (DEFAULT, 'SpaceBenefitUsage', 'createdAt', NULL, NULL, NULL, NULL, NULL, false, true, NULL, 'full', NULL, NULL, NULL, false, NULL, NULL, NULL);
INSERT INTO "directus_fields" ("id", "collection", "field", "special", "interface", "options", "display", "display_options", "readonly", "hidden", "sort", "width", "translations", "note", "conditions", "required", "group", "validation", "validation_message") VALUES (DEFAULT, 'SpaceBenefitUsage', 'updatedAt', NULL, NULL, NULL, NULL, NULL, false, true, NULL, 'full', NULL, NULL, NULL, false, NULL, NULL, NULL);
INSERT INTO "directus_fields" ("id", "collection", "field", "special", "interface", "options", "display", "display_options", "readonly", "hidden", "sort", "width", "translations", "note", "conditions", "required", "group", "validation", "validation_message") VALUES (DEFAULT, 'SpaceBenefitUsage', 'deleted', 'cast-boolean', NULL, NULL, NULL, NULL, false, true, NULL, 'full', NULL, NULL, NULL, false, NULL, NULL, NULL);
INSERT INTO "directus_fields" ("id", "collection", "field", "special", "interface", "options", "display", "display_options", "readonly", "hidden", "sort", "width", "translations", "note", "conditions", "required", "group", "validation", "validation_message") VALUES (DEFAULT, 'SpaceBenefitUsage', 'pointsEarned', NULL, 'input', NULL, NULL, NULL, false, false, NULL, 'full', NULL, NULL, NULL, false, NULL, NULL, NULL);
INSERT INTO "directus_fields" ("id", "collection", "field", "special", "interface", "options", "display", "display_options", "readonly", "hidden", "sort", "width", "translations", "note", "conditions", "required", "group", "validation", "validation_message") VALUES (DEFAULT, 'SpaceBenefitUsage', 'verifierUserId', 'uuid', 'select-dropdown-m2o', NULL, NULL, NULL, false, false, NULL, 'full', NULL, NULL, NULL, false, NULL, NULL, NULL);
INSERT INTO "directus_fields" ("id", "collection", "field", "special", "interface", "options", "display", "display_options", "readonly", "hidden", "sort", "width", "translations", "note", "conditions", "required", "group", "validation", "validation_message") VALUES (DEFAULT, 'Space', 'longitude', NULL, 'input', NULL, NULL, NULL, false, false, 2, 'half', NULL, NULL, NULL, false, 'Advanced', NULL, NULL);
INSERT INTO "directus_fields" ("id", "collection", "field", "special", "interface", "options", "display", "display_options", "readonly", "hidden", "sort", "width", "translations", "note", "conditions", "required", "group", "validation", "validation_message") VALUES (DEFAULT, 'Space', 'businessHoursEnd', NULL, 'input', NULL, NULL, NULL, false, false, 4, 'half', NULL, NULL, NULL, false, 'Advanced', NULL, NULL);
INSERT INTO "directus_fields" ("id", "collection", "field", "special", "interface", "options", "display", "display_options", "readonly", "hidden", "sort", "width", "translations", "note", "conditions", "required", "group", "validation", "validation_message") VALUES (DEFAULT, 'Space', 'webLink', NULL, 'input', NULL, NULL, NULL, false, false, 5, 'full', NULL, NULL, NULL, false, 'Advanced', NULL, NULL);
INSERT INTO "directus_fields" ("id", "collection", "field", "special", "interface", "options", "display", "display_options", "readonly", "hidden", "sort", "width", "translations", "note", "conditions", "required", "group", "validation", "validation_message") VALUES (DEFAULT, 'Space', 'businessHoursStart', NULL, 'input', NULL, NULL, NULL, false, false, 3, 'half', NULL, NULL, NULL, false, 'Advanced', NULL, NULL);
INSERT INTO "directus_fields" ("id", "collection", "field", "special", "interface", "options", "display", "display_options", "readonly", "hidden", "sort", "width", "translations", "note", "conditions", "required", "group", "validation", "validation_message") VALUES (DEFAULT, 'Nft', 'id', NULL, NULL, NULL, NULL, NULL, false, true, NULL, 'full', NULL, NULL, NULL, false, NULL, NULL, NULL);
INSERT INTO "directus_fields" ("id", "collection", "field", "special", "interface", "options", "display", "display_options", "readonly", "hidden", "sort", "width", "translations", "note", "conditions", "required", "group", "validation", "validation_message") VALUES (DEFAULT, 'Nft', 'createdAt', NULL, NULL, NULL, NULL, NULL, false, true, NULL, 'full', NULL, NULL, NULL, false, NULL, NULL, NULL);
INSERT INTO "directus_fields" ("id", "collection", "field", "special", "interface", "options", "display", "display_options", "readonly", "hidden", "sort", "width", "translations", "note", "conditions", "required", "group", "validation", "validation_message") VALUES (DEFAULT, 'Nft', 'updatedAt', NULL, NULL, NULL, NULL, NULL, false, true, NULL, 'full', NULL, NULL, NULL, false, NULL, NULL, NULL);
INSERT INTO "directus_fields" ("id", "collection", "field", "special", "interface", "options", "display", "display_options", "readonly", "hidden", "sort", "width", "translations", "note", "conditions", "required", "group", "validation", "validation_message") VALUES (DEFAULT, 'Nft', 'deleted', 'cast-boolean', NULL, NULL, NULL, NULL, false, true, NULL, 'full', NULL, NULL, NULL, false, NULL, NULL, NULL);
INSERT INTO "directus_fields" ("id", "collection", "field", "special", "interface", "options", "display", "display_options", "readonly", "hidden", "sort", "width", "translations", "note", "conditions", "required", "group", "validation", "validation_message") VALUES (DEFAULT, 'Nft', 'name', NULL, 'input', NULL, NULL, NULL, true, false, NULL, 'full', NULL, NULL, NULL, false, NULL, NULL, NULL);
INSERT INTO "directus_fields" ("id", "collection", "field", "special", "interface", "options", "display", "display_options", "readonly", "hidden", "sort", "width", "translations", "note", "conditions", "required", "group", "validation", "validation_message") VALUES (DEFAULT, 'Space', 'id', 'uuid', NULL, NULL, NULL, NULL, false, true, 1, 'full', NULL, NULL, NULL, false, NULL, NULL, NULL);
INSERT INTO "directus_fields" ("id", "collection", "field", "special", "interface", "options", "display", "display_options", "readonly", "hidden", "sort", "width", "translations", "note", "conditions", "required", "group", "validation", "validation_message") VALUES (DEFAULT, 'Space', 'createdAt', NULL, NULL, NULL, NULL, NULL, false, true, 2, 'full', NULL, NULL, NULL, false, NULL, NULL, NULL);
INSERT INTO "directus_fields" ("id", "collection", "field", "special", "interface", "options", "display", "display_options", "readonly", "hidden", "sort", "width", "translations", "note", "conditions", "required", "group", "validation", "validation_message") VALUES (DEFAULT, 'Space', 'updatedAt', NULL, NULL, NULL, NULL, NULL, false, true, 3, 'full', NULL, NULL, NULL, false, NULL, NULL, NULL);
INSERT INTO "directus_fields" ("id", "collection", "field", "special", "interface", "options", "display", "display_options", "readonly", "hidden", "sort", "width", "translations", "note", "conditions", "required", "group", "validation", "validation_message") VALUES (DEFAULT, 'Space', 'deleted', 'cast-boolean', NULL, NULL, NULL, NULL, false, true, 4, 'full', NULL, NULL, NULL, false, NULL, NULL, NULL);
INSERT INTO "directus_fields" ("id", "collection", "field", "special", "interface", "options", "display", "display_options", "readonly", "hidden", "sort", "width", "translations", "note", "conditions", "required", "group", "validation", "validation_message") VALUES (DEFAULT, 'Space', 'Baics', 'alias,no-data,group', 'group-detail', '{"headerColor":"#3399FF"}', NULL, NULL, false, false, 5, 'full', NULL, NULL, NULL, false, NULL, NULL, NULL);
INSERT INTO "directus_fields" ("id", "collection", "field", "special", "interface", "options", "display", "display_options", "readonly", "hidden", "sort", "width", "translations", "note", "conditions", "required", "group", "validation", "validation_message") VALUES (DEFAULT, 'Space', 'Advanced', 'alias,no-data,group', 'group-detail', '{"start":"closed","headerColor":"#E35169"}', NULL, NULL, false, false, 6, 'full', NULL, NULL, NULL, false, NULL, NULL, NULL);
INSERT INTO "directus_fields" ("id", "collection", "field", "special", "interface", "options", "display", "display_options", "readonly", "hidden", "sort", "width", "translations", "note", "conditions", "required", "group", "validation", "validation_message") VALUES (DEFAULT, 'Space', 'benefits', 'o2m', 'list-o2m', '{"template":"{{description}}"}', 'related-values', NULL, false, false, 7, 'full', NULL, NULL, NULL, false, NULL, NULL, NULL);
INSERT INTO "directus_fields" ("id", "collection", "field", "special", "interface", "options", "display", "display_options", "readonly", "hidden", "sort", "width", "translations", "note", "conditions", "required", "group", "validation", "validation_message") VALUES (DEFAULT, 'Space', 'latitude', NULL, 'input', NULL, NULL, NULL, false, false, 1, 'half', NULL, NULL, NULL, false, 'Advanced', NULL, NULL);
INSERT INTO "directus_fields" ("id", "collection", "field", "special", "interface", "options", "display", "display_options", "readonly", "hidden", "sort", "width", "translations", "note", "conditions", "required", "group", "validation", "validation_message") VALUES (DEFAULT, 'Nft', 'tokenAddress', NULL, 'select-dropdown-m2o', '{"template":"{{name}}"}', NULL, NULL, true, false, NULL, 'full', NULL, NULL, NULL, false, NULL, NULL, NULL);
INSERT INTO "directus_fields" ("id", "collection", "field", "special", "interface", "options", "display", "display_options", "readonly", "hidden", "sort", "width", "translations", "note", "conditions", "required", "group", "validation", "validation_message") VALUES (DEFAULT, 'Nft', 'tokenId', NULL, 'input', NULL, NULL, NULL, true, false, NULL, 'full', NULL, NULL, NULL, false, NULL, NULL, NULL);
INSERT INTO "directus_fields" ("id", "collection", "field", "special", "interface", "options", "display", "display_options", "readonly", "hidden", "sort", "width", "translations", "note", "conditions", "required", "group", "validation", "validation_message") VALUES (DEFAULT, 'Nft', 'tokenUpdatedAt', NULL, 'datetime', NULL, 'datetime', NULL, true, false, NULL, 'full', NULL, NULL, NULL, false, NULL, NULL, NULL);
INSERT INTO "directus_fields" ("id", "collection", "field", "special", "interface", "options", "display", "display_options", "readonly", "hidden", "sort", "width", "translations", "note", "conditions", "required", "group", "validation", "validation_message") VALUES (DEFAULT, 'Nft', 'lastOwnershipCheck', NULL, 'datetime', NULL, 'datetime', NULL, true, false, NULL, 'full', NULL, NULL, NULL, false, NULL, NULL, NULL);
INSERT INTO "directus_fields" ("id", "collection", "field", "special", "interface", "options", "display", "display_options", "readonly", "hidden", "sort", "width", "translations", "note", "conditions", "required", "group", "validation", "validation_message") VALUES (DEFAULT, 'Nft', 'imageUrl', NULL, 'image-url-preview', NULL, NULL, NULL, true, false, NULL, 'full', NULL, NULL, NULL, false, NULL, NULL, NULL);
INSERT INTO "directus_fields" ("id", "collection", "field", "special", "interface", "options", "display", "display_options", "readonly", "hidden", "sort", "width", "translations", "note", "conditions", "required", "group", "validation", "validation_message") VALUES (DEFAULT, 'NftCollectionMemberPoints', 'pointFluctuation', NULL, 'input', NULL, NULL, NULL, true, false, 8, 'half', NULL, NULL, NULL, false, NULL, NULL, NULL);
INSERT INTO "directus_fields" ("id", "collection", "field", "special", "interface", "options", "display", "display_options", "readonly", "hidden", "sort", "width", "translations", "note", "conditions", "required", "group", "validation", "validation_message") VALUES (DEFAULT, 'NftCollectionMemberPoints', 'totalPoints', NULL, 'input', NULL, NULL, NULL, true, false, 6, 'half', NULL, NULL, NULL, false, NULL, NULL, NULL);
INSERT INTO "directus_fields" ("id", "collection", "field", "special", "interface", "options", "display", "display_options", "readonly", "hidden", "sort", "width", "translations", "note", "conditions", "required", "group", "validation", "validation_message") VALUES (DEFAULT, 'NftCollectionMemberPoints', 'tokenAddress', NULL, 'select-dropdown-m2o', '{"template":"{{name}}"}', NULL, NULL, true, false, 4, 'full', NULL, NULL, NULL, false, NULL, NULL, NULL);
INSERT INTO "directus_fields" ("id", "collection", "field", "special", "interface", "options", "display", "display_options", "readonly", "hidden", "sort", "width", "translations", "note", "conditions", "required", "group", "validation", "validation_message") VALUES (DEFAULT, 'NftCollectionMemberPoints', 'createdAt', NULL, NULL, NULL, NULL, NULL, false, true, 2, 'full', NULL, NULL, NULL, false, NULL, NULL, NULL);
INSERT INTO "directus_fields" ("id", "collection", "field", "special", "interface", "options", "display", "display_options", "readonly", "hidden", "sort", "width", "translations", "note", "conditions", "required", "group", "validation", "validation_message") VALUES (DEFAULT, 'NftCollectionMemberPoints', 'updatedAt', NULL, NULL, NULL, NULL, NULL, false, true, 3, 'full', NULL, NULL, NULL, false, NULL, NULL, NULL);
INSERT INTO "directus_fields" ("id", "collection", "field", "special", "interface", "options", "display", "display_options", "readonly", "hidden", "sort", "width", "translations", "note", "conditions", "required", "group", "validation", "validation_message") VALUES (DEFAULT, 'NftCollectionMemberPoints', 'memberRank', NULL, 'input', NULL, NULL, NULL, true, false, 7, 'half', NULL, NULL, NULL, false, NULL, NULL, NULL);
INSERT INTO "directus_fields" ("id", "collection", "field", "special", "interface", "options", "display", "display_options", "readonly", "hidden", "sort", "width", "translations", "note", "conditions", "required", "group", "validation", "validation_message") VALUES (DEFAULT, 'NftCollectionMemberPoints', 'id', 'uuid', NULL, NULL, NULL, NULL, false, true, 1, 'full', NULL, NULL, NULL, false, NULL, NULL, NULL);
INSERT INTO "directus_fields" ("id", "collection", "field", "special", "interface", "options", "display", "display_options", "readonly", "hidden", "sort", "width", "translations", "note", "conditions", "required", "group", "validation", "validation_message") VALUES (DEFAULT, 'NftCollectionMemberPoints', 'userId', 'uuid', 'select-dropdown-m2o', '{"template":"{{id}}- {{nickName}}"}', NULL, NULL, true, false, 5, 'half', NULL, NULL, NULL, false, NULL, NULL, NULL);
INSERT INTO "directus_fields" ("id", "collection", "field", "special", "interface", "options", "display", "display_options", "readonly", "hidden", "sort", "width", "translations", "note", "conditions", "required", "group", "validation", "validation_message") VALUES (DEFAULT, 'NftCollectionPoints', 'tokenAddress', NULL, 'select-dropdown-m2o', '{"template":"{{name}}"}', NULL, NULL, true, false, 4, 'full', NULL, NULL, NULL, false, NULL, NULL, NULL);
INSERT INTO "directus_fields" ("id", "collection", "field", "special", "interface", "options", "display", "display_options", "readonly", "hidden", "sort", "width", "translations", "note", "conditions", "required", "group", "validation", "validation_message") VALUES (DEFAULT, 'NftCollectionPoints', 'pointFluctuation', NULL, 'input', NULL, NULL, NULL, true, false, 6, 'half', NULL, NULL, NULL, false, NULL, NULL, NULL);
INSERT INTO "directus_fields" ("id", "collection", "field", "special", "interface", "options", "display", "display_options", "readonly", "hidden", "sort", "width", "translations", "note", "conditions", "required", "group", "validation", "validation_message") VALUES (DEFAULT, 'NftCollectionPoints', 'totalMembers', NULL, 'input', NULL, NULL, NULL, true, false, 7, 'half', NULL, NULL, NULL, false, NULL, NULL, NULL);
INSERT INTO "directus_fields" ("id", "collection", "field", "special", "interface", "options", "display", "display_options", "readonly", "hidden", "sort", "width", "translations", "note", "conditions", "required", "group", "validation", "validation_message") VALUES (DEFAULT, 'NftCollectionPoints', 'totalPoints', NULL, 'input', NULL, NULL, NULL, true, false, 5, 'half', NULL, NULL, NULL, false, NULL, NULL, NULL);
INSERT INTO "directus_fields" ("id", "collection", "field", "special", "interface", "options", "display", "display_options", "readonly", "hidden", "sort", "width", "translations", "note", "conditions", "required", "group", "validation", "validation_message") VALUES (DEFAULT, 'NftCollectionPoints', 'updatedAt', NULL, NULL, NULL, NULL, NULL, false, true, 3, 'full', NULL, NULL, NULL, false, NULL, NULL, NULL);
INSERT INTO "directus_fields" ("id", "collection", "field", "special", "interface", "options", "display", "display_options", "readonly", "hidden", "sort", "width", "translations", "note", "conditions", "required", "group", "validation", "validation_message") VALUES (DEFAULT, 'NftCollectionPoints', 'id', 'uuid', NULL, NULL, NULL, NULL, false, true, 1, 'full', NULL, NULL, NULL, false, NULL, NULL, NULL);
INSERT INTO "directus_fields" ("id", "collection", "field", "special", "interface", "options", "display", "display_options", "readonly", "hidden", "sort", "width", "translations", "note", "conditions", "required", "group", "validation", "validation_message") VALUES (DEFAULT, 'NftCollectionPoints', 'createdAt', NULL, NULL, NULL, NULL, NULL, false, true, 2, 'full', NULL, NULL, NULL, false, NULL, NULL, NULL);
INSERT INTO "directus_fields" ("id", "collection", "field", "special", "interface", "options", "display", "display_options", "readonly", "hidden", "sort", "width", "translations", "note", "conditions", "required", "group", "validation", "validation_message") VALUES (DEFAULT, 'NftCollectionPoints', 'communityRank', NULL, 'input', NULL, NULL, NULL, true, false, 8, 'half', NULL, NULL, NULL, false, NULL, NULL, NULL);
INSERT INTO "directus_fields" ("id", "collection", "field", "special", "interface", "options", "display", "display_options", "readonly", "hidden", "sort", "width", "translations", "note", "conditions", "required", "group", "validation", "validation_message") VALUES (DEFAULT, 'SpaceUser', 'createdAt', NULL, NULL, NULL, NULL, NULL, false, true, NULL, 'full', NULL, NULL, NULL, false, NULL, NULL, NULL);
INSERT INTO "directus_fields" ("id", "collection", "field", "special", "interface", "options", "display", "display_options", "readonly", "hidden", "sort", "width", "translations", "note", "conditions", "required", "group", "validation", "validation_message") VALUES (DEFAULT, 'SpaceUser', 'updatedAt', NULL, NULL, NULL, NULL, NULL, false, true, NULL, 'full', NULL, NULL, NULL, false, NULL, NULL, NULL);
INSERT INTO "directus_fields" ("id", "collection", "field", "special", "interface", "options", "display", "display_options", "readonly", "hidden", "sort", "width", "translations", "note", "conditions", "required", "group", "validation", "validation_message") VALUES (DEFAULT, 'SpaceUser', 'id', 'uuid', NULL, NULL, NULL, NULL, false, true, NULL, 'full', NULL, NULL, NULL, false, NULL, NULL, NULL);
INSERT INTO "directus_fields" ("id", "collection", "field", "special", "interface", "options", "display", "display_options", "readonly", "hidden", "sort", "width", "translations", "note", "conditions", "required", "group", "validation", "validation_message") VALUES (DEFAULT, 'SpaceUser', 'deleted', NULL, NULL, NULL, NULL, NULL, false, true, NULL, 'full', NULL, NULL, NULL, false, NULL, NULL, NULL);
INSERT INTO "directus_fields" ("id", "collection", "field", "special", "interface", "options", "display", "display_options", "readonly", "hidden", "sort", "width", "translations", "note", "conditions", "required", "group", "validation", "validation_message") VALUES (DEFAULT, 'SpaceUser', 'spaceId', 'uuid', 'select-dropdown-m2o', '{"template":"{{name}}"}', 'related-values', NULL, false, false, NULL, 'full', NULL, NULL, NULL, false, NULL, NULL, NULL);
INSERT INTO "directus_fields" ("id", "collection", "field", "special", "interface", "options", "display", "display_options", "readonly", "hidden", "sort", "width", "translations", "note", "conditions", "required", "group", "validation", "validation_message") VALUES (DEFAULT, 'SpaceBenefitUsage', 'userId', 'uuid', 'select-dropdown-m2o', NULL, 'related-values', '{"template":"{{nickName}}"}', false, false, NULL, 'full', NULL, NULL, NULL, false, NULL, NULL, NULL);
INSERT INTO "directus_fields" ("id", "collection", "field", "special", "interface", "options", "display", "display_options", "readonly", "hidden", "sort", "width", "translations", "note", "conditions", "required", "group", "validation", "validation_message") VALUES (DEFAULT, 'SpaceUser', 'userId', 'uuid', 'select-dropdown-m2o', '{"template":"{{id}}- {{nickName}}"}', NULL, NULL, false, false, NULL, 'full', NULL, NULL, NULL, false, NULL, NULL, NULL);
INSERT INTO "directus_fields" ("id", "collection", "field", "special", "interface", "options", "display", "display_options", "readonly", "hidden", "sort", "width", "translations", "note", "conditions", "required", "group", "validation", "validation_message") VALUES (DEFAULT, 'SpaceUser', 'role', NULL, 'select-dropdown-custom', '{"choices":[{"text":"Space Admin","value":"SPACE_ADMIN"}]}', NULL, NULL, false, false, NULL, 'full', NULL, NULL, NULL, false, NULL, NULL, NULL);
INSERT INTO "directus_fields" ("id", "collection", "field", "special", "interface", "options", "display", "display_options", "readonly", "hidden", "sort", "width", "translations", "note", "conditions", "required", "group", "validation", "validation_message") VALUES (DEFAULT, 'SpaceUserInvites', 'id', 'uuid', NULL, NULL, NULL, NULL, false, true, NULL, 'full', NULL, NULL, NULL, false, NULL, NULL, NULL);
INSERT INTO "directus_fields" ("id", "collection", "field", "special", "interface", "options", "display", "display_options", "readonly", "hidden", "sort", "width", "translations", "note", "conditions", "required", "group", "validation", "validation_message") VALUES (DEFAULT, 'SpaceUserInvites', 'createdAt', NULL, NULL, NULL, NULL, NULL, false, true, NULL, 'full', NULL, NULL, NULL, false, NULL, NULL, NULL);
INSERT INTO "directus_fields" ("id", "collection", "field", "special", "interface", "options", "display", "display_options", "readonly", "hidden", "sort", "width", "translations", "note", "conditions", "required", "group", "validation", "validation_message") VALUES (DEFAULT, 'SpaceUserInvites', 'updatedAt', NULL, NULL, NULL, NULL, NULL, false, true, NULL, 'full', NULL, NULL, NULL, false, NULL, NULL, NULL);
INSERT INTO "directus_fields" ("id", "collection", "field", "special", "interface", "options", "display", "display_options", "readonly", "hidden", "sort", "width", "translations", "note", "conditions", "required", "group", "validation", "validation_message") VALUES (DEFAULT, 'SpaceUserInvites', 'deleted', NULL, NULL, NULL, NULL, NULL, false, true, NULL, 'full', NULL, NULL, NULL, false, NULL, NULL, NULL);
INSERT INTO "directus_fields" ("id", "collection", "field", "special", "interface", "options", "display", "display_options", "readonly", "hidden", "sort", "width", "translations", "note", "conditions", "required", "group", "validation", "validation_message") VALUES (DEFAULT, 'SpaceUserInvites', 'email', NULL, 'input', NULL, 'raw', NULL, false, false, NULL, 'full', NULL, NULL, NULL, false, NULL, NULL, NULL);
INSERT INTO "directus_fields" ("id", "collection", "field", "special", "interface", "options", "display", "display_options", "readonly", "hidden", "sort", "width", "translations", "note", "conditions", "required", "group", "validation", "validation_message") VALUES (DEFAULT, 'SpaceUserInvites', 'spaceId', 'uuid', 'select-dropdown-m2o', '{"template":"{{name}}"}', 'related-values', NULL, false, false, NULL, 'full', NULL, NULL, NULL, false, NULL, NULL, NULL);
INSERT INTO "directus_fields" ("id", "collection", "field", "special", "interface", "options", "display", "display_options", "readonly", "hidden", "sort", "width", "translations", "note", "conditions", "required", "group", "validation", "validation_message") VALUES (DEFAULT, 'UserLastKnownSpace', 'id', 'uuid', NULL, NULL, NULL, NULL, false, true, NULL, 'full', NULL, NULL, NULL, false, NULL, NULL, NULL);
INSERT INTO "directus_fields" ("id", "collection", "field", "special", "interface", "options", "display", "display_options", "readonly", "hidden", "sort", "width", "translations", "note", "conditions", "required", "group", "validation", "validation_message") VALUES (DEFAULT, 'UserLastKnownSpace', 'createdAt', NULL, NULL, NULL, NULL, NULL, false, true, NULL, 'full', NULL, NULL, NULL, false, NULL, NULL, NULL);
INSERT INTO "directus_fields" ("id", "collection", "field", "special", "interface", "options", "display", "display_options", "readonly", "hidden", "sort", "width", "translations", "note", "conditions", "required", "group", "validation", "validation_message") VALUES (DEFAULT, 'UserLastKnownSpace', 'updatedAt', NULL, NULL, NULL, NULL, NULL, false, true, NULL, 'full', NULL, NULL, NULL, false, NULL, NULL, NULL);
INSERT INTO "directus_fields" ("id", "collection", "field", "special", "interface", "options", "display", "display_options", "readonly", "hidden", "sort", "width", "translations", "note", "conditions", "required", "group", "validation", "validation_message") VALUES (DEFAULT, 'UserLastKnownSpace', 'deleted', 'cast-boolean', NULL, NULL, NULL, NULL, false, true, NULL, 'full', NULL, NULL, NULL, false, NULL, NULL, NULL);
INSERT INTO "directus_fields" ("id", "collection", "field", "special", "interface", "options", "display", "display_options", "readonly", "hidden", "sort", "width", "translations", "note", "conditions", "required", "group", "validation", "validation_message") VALUES (DEFAULT, 'Wallet', 'id', 'uuid', NULL, NULL, NULL, NULL, false, true, NULL, 'full', NULL, NULL, NULL, false, NULL, NULL, NULL);
INSERT INTO "directus_fields" ("id", "collection", "field", "special", "interface", "options", "display", "display_options", "readonly", "hidden", "sort", "width", "translations", "note", "conditions", "required", "group", "validation", "validation_message") VALUES (DEFAULT, 'WelcomeNft', 'id', NULL, NULL, NULL, NULL, NULL, false, true, NULL, 'full', NULL, NULL, NULL, false, NULL, NULL, NULL);
INSERT INTO "directus_fields" ("id", "collection", "field", "special", "interface", "options", "display", "display_options", "readonly", "hidden", "sort", "width", "translations", "note", "conditions", "required", "group", "validation", "validation_message") VALUES (DEFAULT, 'WelcomeNft', 'createdAt', NULL, NULL, NULL, NULL, NULL, false, true, NULL, 'full', NULL, NULL, NULL, false, NULL, NULL, NULL);
INSERT INTO "directus_fields" ("id", "collection", "field", "special", "interface", "options", "display", "display_options", "readonly", "hidden", "sort", "width", "translations", "note", "conditions", "required", "group", "validation", "validation_message") VALUES (DEFAULT, 'WelcomeNft', 'updatedAt', NULL, NULL, NULL, NULL, NULL, false, true, NULL, 'full', NULL, NULL, NULL, false, NULL, NULL, NULL);
INSERT INTO "directus_fields" ("id", "collection", "field", "special", "interface", "options", "display", "display_options", "readonly", "hidden", "sort", "width", "translations", "note", "conditions", "required", "group", "validation", "validation_message") VALUES (DEFAULT, 'WelcomeNft', 'siteLink', NULL, 'input', NULL, 'raw', NULL, false, false, NULL, 'full', NULL, NULL, NULL, false, NULL, NULL, NULL);
INSERT INTO "directus_fields" ("id", "collection", "field", "special", "interface", "options", "display", "display_options", "readonly", "hidden", "sort", "width", "translations", "note", "conditions", "required", "group", "validation", "validation_message") VALUES (DEFAULT, 'WelcomeNft', 'imageId', NULL, NULL, NULL, NULL, NULL, true, false, NULL, 'full', NULL, NULL, NULL, false, NULL, NULL, NULL);
INSERT INTO "directus_fields" ("id", "collection", "field", "special", "interface", "options", "display", "display_options", "readonly", "hidden", "sort", "width", "translations", "note", "conditions", "required", "group", "validation", "validation_message") VALUES (DEFAULT, 'WelcomeNft', 'used', 'cast-boolean', 'boolean', NULL, NULL, NULL, false, false, NULL, 'full', NULL, NULL, NULL, false, NULL, NULL, NULL);
INSERT INTO "directus_fields" ("id", "collection", "field", "special", "interface", "options", "display", "display_options", "readonly", "hidden", "sort", "width", "translations", "note", "conditions", "required", "group", "validation", "validation_message") VALUES (DEFAULT, 'WelcomeNft', 'userId', 'uuid', 'select-dropdown-m2o', '{"template":"{{nickName}}"}', NULL, NULL, false, false, NULL, 'full', NULL, NULL, NULL, false, NULL, NULL, NULL);
INSERT INTO "directus_fields" ("id", "collection", "field", "special", "interface", "options", "display", "display_options", "readonly", "hidden", "sort", "width", "translations", "note", "conditions", "required", "group", "validation", "validation_message") VALUES (DEFAULT, 'Nft', 'ownedWalletAddress', NULL, NULL, '{"template":null}', 'raw', NULL, true, true, NULL, 'full', NULL, NULL, NULL, false, NULL, NULL, NULL);
INSERT INTO "directus_fields" ("id", "collection", "field", "special", "interface", "options", "display", "display_options", "readonly", "hidden", "sort", "width", "translations", "note", "conditions", "required", "group", "validation", "validation_message") VALUES (DEFAULT, 'UserLastKnownSpace', 'spaceId', 'uuid', 'select-dropdown-m2o', '{"template":"{{name}}","enableCreate":false}', 'related-values', '{"template":"{{imageId}}- {{name}}"}', false, false, NULL, 'full', '[{"language":"en-US","translation":"Space"}]', NULL, NULL, false, NULL, NULL, NULL);
INSERT INTO "directus_fields" ("id", "collection", "field", "special", "interface", "options", "display", "display_options", "readonly", "hidden", "sort", "width", "translations", "note", "conditions", "required", "group", "validation", "validation_message") VALUES (DEFAULT, 'Announcements', 'id', 'uuid', NULL, NULL, NULL, NULL, false, true, NULL, 'full', NULL, NULL, NULL, false, NULL, NULL, NULL);
INSERT INTO "directus_fields" ("id", "collection", "field", "special", "interface", "options", "display", "display_options", "readonly", "hidden", "sort", "width", "translations", "note", "conditions", "required", "group", "validation", "validation_message") VALUES (DEFAULT, 'Announcements', 'createdAt', NULL, NULL, NULL, NULL, NULL, false, true, NULL, 'full', NULL, NULL, NULL, false, NULL, NULL, NULL);
INSERT INTO "directus_fields" ("id", "collection", "field", "special", "interface", "options", "display", "display_options", "readonly", "hidden", "sort", "width", "translations", "note", "conditions", "required", "group", "validation", "validation_message") VALUES (DEFAULT, 'Announcements', 'updatedAt', NULL, NULL, NULL, NULL, NULL, false, true, NULL, 'full', NULL, NULL, NULL, false, NULL, NULL, NULL);
INSERT INTO "directus_fields" ("id", "collection", "field", "special", "interface", "options", "display", "display_options", "readonly", "hidden", "sort", "width", "translations", "note", "conditions", "required", "group", "validation", "validation_message") VALUES (DEFAULT, 'Wallet', 'updatedAt', NULL, NULL, NULL, NULL, NULL, false, true, 2, 'full', NULL, NULL, NULL, false, NULL, NULL, NULL);
INSERT INTO "directus_fields" ("id", "collection", "field", "special", "interface", "options", "display", "display_options", "readonly", "hidden", "sort", "width", "translations", "note", "conditions", "required", "group", "validation", "validation_message") VALUES (DEFAULT, 'Wallet', 'deleted', 'cast-boolean', NULL, NULL, NULL, NULL, false, true, 3, 'full', NULL, NULL, NULL, false, NULL, NULL, NULL);
INSERT INTO "directus_fields" ("id", "collection", "field", "special", "interface", "options", "display", "display_options", "readonly", "hidden", "sort", "width", "translations", "note", "conditions", "required", "group", "validation", "validation_message") VALUES (DEFAULT, 'Wallet', 'publicAddress', NULL, 'input', NULL, NULL, NULL, false, false, 4, 'full', NULL, NULL, NULL, false, NULL, NULL, NULL);
INSERT INTO "directus_fields" ("id", "collection", "field", "special", "interface", "options", "display", "display_options", "readonly", "hidden", "sort", "width", "translations", "note", "conditions", "required", "group", "validation", "validation_message") VALUES (DEFAULT, 'Nft', 'selected', 'cast-boolean', 'boolean', NULL, NULL, NULL, true, false, NULL, 'full', NULL, NULL, NULL, false, NULL, NULL, NULL);
INSERT INTO "directus_fields" ("id", "collection", "field", "special", "interface", "options", "display", "display_options", "readonly", "hidden", "sort", "width", "translations", "note", "conditions", "required", "group", "validation", "validation_message") VALUES (DEFAULT, 'Nft', 'order', NULL, 'input', NULL, NULL, NULL, true, false, NULL, 'full', NULL, NULL, NULL, false, NULL, NULL, NULL);
INSERT INTO "directus_fields" ("id", "collection", "field", "special", "interface", "options", "display", "display_options", "readonly", "hidden", "sort", "width", "translations", "note", "conditions", "required", "group", "validation", "validation_message") VALUES (DEFAULT, 'SpaceBenefitUsage', 'benefitId', 'uuid', 'select-dropdown-m2o', '{"template":"{{description}}"}', 'related-values', '{"template":"{{description}}"}', false, false, NULL, 'full', '[{"language":"ko-KR","translation":"혜택"}]', NULL, NULL, false, NULL, NULL, NULL);
INSERT INTO "directus_fields" ("id", "collection", "field", "special", "interface", "options", "display", "display_options", "readonly", "hidden", "sort", "width", "translations", "note", "conditions", "required", "group", "validation", "validation_message") VALUES (DEFAULT, 'SpaceBenefitUsage', 'tokenAddress', 'uuid', 'select-dropdown-m2o', '{"template":"{{name}}","enableCreate":false,"enableSelect":false}', 'related-values', '{"template":"{{name}}"}', false, false, NULL, 'full', NULL, NULL, NULL, false, NULL, NULL, NULL);
INSERT INTO "directus_fields" ("id", "collection", "field", "special", "interface", "options", "display", "display_options", "readonly", "hidden", "sort", "width", "translations", "note", "conditions", "required", "group", "validation", "validation_message") VALUES (DEFAULT, 'NftCollection', 'contractType', NULL, 'input', NULL, NULL, NULL, true, false, 5, 'half', NULL, NULL, NULL, false, 'nftInformation', NULL, NULL);
INSERT INTO "directus_fields" ("id", "collection", "field", "special", "interface", "options", "display", "display_options", "readonly", "hidden", "sort", "width", "translations", "note", "conditions", "required", "group", "validation", "validation_message") VALUES (DEFAULT, 'NftCollection', 'id', 'uuid', NULL, NULL, NULL, NULL, true, false, 1, 'half', NULL, NULL, NULL, false, 'nftInformation', NULL, NULL);
INSERT INTO "directus_fields" ("id", "collection", "field", "special", "interface", "options", "display", "display_options", "readonly", "hidden", "sort", "width", "translations", "note", "conditions", "required", "group", "validation", "validation_message") VALUES (DEFAULT, 'NftCollection', 'deleted', 'cast-boolean', NULL, NULL, NULL, NULL, false, true, 4, 'full', NULL, NULL, NULL, false, NULL, NULL, NULL);
INSERT INTO "directus_fields" ("id", "collection", "field", "special", "interface", "options", "display", "display_options", "readonly", "hidden", "sort", "width", "translations", "note", "conditions", "required", "group", "validation", "validation_message") VALUES (DEFAULT, 'NftCollection', 'tokenAddress', NULL, 'input', NULL, NULL, NULL, true, false, 3, 'half', NULL, NULL, NULL, false, 'nftInformation', NULL, NULL);
INSERT INTO "directus_fields" ("id", "collection", "field", "special", "interface", "options", "display", "display_options", "readonly", "hidden", "sort", "width", "translations", "note", "conditions", "required", "group", "validation", "validation_message") VALUES (DEFAULT, 'NftCollection', 'link', NULL, 'input', NULL, NULL, NULL, true, false, 7, 'full', NULL, NULL, NULL, false, 'nftInformation', NULL, NULL);
INSERT INTO "directus_fields" ("id", "collection", "field", "special", "interface", "options", "display", "display_options", "readonly", "hidden", "sort", "width", "translations", "note", "conditions", "required", "group", "validation", "validation_message") VALUES (DEFAULT, 'NftCollection', 'collectionLogo', NULL, 'image-url-preview', NULL, NULL, NULL, true, false, 8, 'full', NULL, NULL, NULL, false, 'nftInformation', NULL, NULL);
INSERT INTO "directus_fields" ("id", "collection", "field", "special", "interface", "options", "display", "display_options", "readonly", "hidden", "sort", "width", "translations", "note", "conditions", "required", "group", "validation", "validation_message") VALUES (DEFAULT, 'NftCollection', 'symbol', NULL, 'input', NULL, NULL, NULL, true, false, 6, 'half', NULL, NULL, NULL, false, 'nftInformation', NULL, NULL);
INSERT INTO "directus_fields" ("id", "collection", "field", "special", "interface", "options", "display", "display_options", "readonly", "hidden", "sort", "width", "translations", "note", "conditions", "required", "group", "validation", "validation_message") VALUES (DEFAULT, 'NftCollection', 'name', NULL, 'input', NULL, NULL, NULL, true, false, 2, 'half', NULL, NULL, NULL, false, 'nftInformation', NULL, NULL);
INSERT INTO "directus_fields" ("id", "collection", "field", "special", "interface", "options", "display", "display_options", "readonly", "hidden", "sort", "width", "translations", "note", "conditions", "required", "group", "validation", "validation_message") VALUES (DEFAULT, 'NftCollection', 'createdAt', NULL, NULL, NULL, NULL, NULL, false, true, 2, 'full', NULL, NULL, NULL, false, NULL, NULL, NULL);
INSERT INTO "directus_fields" ("id", "collection", "field", "special", "interface", "options", "display", "display_options", "readonly", "hidden", "sort", "width", "translations", "note", "conditions", "required", "group", "validation", "validation_message") VALUES (DEFAULT, 'NftCollection', 'updatedAt', NULL, NULL, NULL, NULL, NULL, false, true, 3, 'full', NULL, NULL, NULL, false, NULL, NULL, NULL);
INSERT INTO "directus_fields" ("id", "collection", "field", "special", "interface", "options", "display", "display_options", "readonly", "hidden", "sort", "width", "translations", "note", "conditions", "required", "group", "validation", "validation_message") VALUES (DEFAULT, 'Announcements', 'title', NULL, 'input', '{"trim":true}', NULL, NULL, false, false, NULL, 'full', NULL, NULL, NULL, false, NULL, NULL, NULL);
INSERT INTO "directus_fields" ("id", "collection", "field", "special", "interface", "options", "display", "display_options", "readonly", "hidden", "sort", "width", "translations", "note", "conditions", "required", "group", "validation", "validation_message") VALUES (DEFAULT, 'Announcements', 'description', NULL, 'input-rich-text-html', NULL, NULL, NULL, false, false, NULL, 'full', NULL, NULL, NULL, false, NULL, NULL, NULL);
INSERT INTO "directus_fields" ("id", "collection", "field", "special", "interface", "options", "display", "display_options", "readonly", "hidden", "sort", "width", "translations", "note", "conditions", "required", "group", "validation", "validation_message") VALUES (DEFAULT, 'UserLastKnownSpace', 'userId', 'uuid', 'select-dropdown-m2o', '{"template":"{{nickName}}"}', 'related-values', '{"template":"{{nickName}}"}', false, false, NULL, 'full', '[{"language":"en-US","translation":"User"}]', NULL, NULL, false, NULL, NULL, NULL);
INSERT INTO "directus_fields" ("id", "collection", "field", "special", "interface", "options", "display", "display_options", "readonly", "hidden", "sort", "width", "translations", "note", "conditions", "required", "group", "validation", "validation_message") VALUES (DEFAULT, 'Wallet', 'createdAt', NULL, NULL, NULL, NULL, NULL, false, true, 1, 'full', NULL, NULL, NULL, false, NULL, NULL, NULL);
INSERT INTO "directus_fields" ("id", "collection", "field", "special", "interface", "options", "display", "display_options", "readonly", "hidden", "sort", "width", "translations", "note", "conditions", "required", "group", "validation", "validation_message") VALUES (DEFAULT, 'Wallet', 'provider', NULL, 'select-dropdown-custom', '{"choices":[{"text":"Metamask","value":"METAMASK"},{"text":"Klip","value":"KLIP"},{"text":"Phantom","value":"PHANTOM"},{"text":"Wallet Connect","value":"WALLET_CONNECT"}]}', NULL, NULL, false, false, 5, 'full', NULL, NULL, NULL, false, NULL, NULL, NULL);
INSERT INTO "directus_fields" ("id", "collection", "field", "special", "interface", "options", "display", "display_options", "readonly", "hidden", "sort", "width", "translations", "note", "conditions", "required", "group", "validation", "validation_message") VALUES (DEFAULT, 'Wallet', 'userId', 'uuid', 'select-dropdown-m2o', '{"template":"{{nickName}}"}', 'related-values', '{"template":"{{nickName}}"}', false, false, 6, 'full', NULL, NULL, NULL, false, NULL, NULL, NULL);
INSERT INTO "directus_fields" ("id", "collection", "field", "special", "interface", "options", "display", "display_options", "readonly", "hidden", "sort", "width", "translations", "note", "conditions", "required", "group", "validation", "validation_message") VALUES (DEFAULT, 'User', 'updatedAt', NULL, NULL, NULL, NULL, NULL, false, true, 2, 'full', NULL, NULL, NULL, false, NULL, NULL, NULL);
INSERT INTO "directus_fields" ("id", "collection", "field", "special", "interface", "options", "display", "display_options", "readonly", "hidden", "sort", "width", "translations", "note", "conditions", "required", "group", "validation", "validation_message") VALUES (DEFAULT, 'User', 'firebaseId', NULL, 'input', NULL, 'raw', NULL, true, true, 3, 'full', NULL, NULL, NULL, false, NULL, NULL, NULL);
INSERT INTO "directus_fields" ("id", "collection", "field", "special", "interface", "options", "display", "display_options", "readonly", "hidden", "sort", "width", "translations", "note", "conditions", "required", "group", "validation", "validation_message") VALUES (DEFAULT, 'User', 'wldNullifierHash', NULL, 'input', NULL, NULL, NULL, true, true, 4, 'full', NULL, NULL, NULL, false, NULL, NULL, NULL);
INSERT INTO "directus_fields" ("id", "collection", "field", "special", "interface", "options", "display", "display_options", "readonly", "hidden", "sort", "width", "translations", "note", "conditions", "required", "group", "validation", "validation_message") VALUES (DEFAULT, 'User', 'pfpNftId', NULL, 'select-dropdown-m2o', '{"template":"{{name}}"}', NULL, NULL, false, true, 5, 'full', NULL, NULL, NULL, false, NULL, NULL, NULL);
INSERT INTO "directus_fields" ("id", "collection", "field", "special", "interface", "options", "display", "display_options", "readonly", "hidden", "sort", "width", "translations", "note", "conditions", "required", "group", "validation", "validation_message") VALUES (DEFAULT, 'User', 'fcmToken', NULL, NULL, NULL, NULL, NULL, false, true, 6, 'full', NULL, NULL, NULL, false, NULL, NULL, NULL);
INSERT INTO "directus_fields" ("id", "collection", "field", "special", "interface", "options", "display", "display_options", "readonly", "hidden", "sort", "width", "translations", "note", "conditions", "required", "group", "validation", "validation_message") VALUES (DEFAULT, 'User', 'wallets', 'o2m', 'list-o2m', '{"layout":"table","fields":["publicAddress","provider","nfts"],"enableCreate":false,"enableSelect":false,"enableSearchFilter":true,"enableLink":true}', 'related-values', NULL, false, false, 7, 'full', NULL, NULL, NULL, false, NULL, NULL, NULL);
INSERT INTO "directus_fields" ("id", "collection", "field", "special", "interface", "options", "display", "display_options", "readonly", "hidden", "sort", "width", "translations", "note", "conditions", "required", "group", "validation", "validation_message") VALUES (DEFAULT, 'SpaceBenefit', 'benefitUsage', 'o2m', 'list-o2m', '{"layout":"table","fields":["createdAt","pointsEarned","userId.nickName"]}', 'related-values', NULL, false, false, 11, 'full', NULL, NULL, NULL, false, NULL, NULL, NULL);
INSERT INTO "directus_fields" ("id", "collection", "field", "special", "interface", "options", "display", "display_options", "readonly", "hidden", "sort", "width", "translations", "note", "conditions", "required", "group", "validation", "validation_message") VALUES (DEFAULT, 'User', 'id', NULL, NULL, NULL, NULL, NULL, true, false, 1, 'half', NULL, NULL, NULL, false, 'Profile', NULL, NULL);
INSERT INTO "directus_fields" ("id", "collection", "field", "special", "interface", "options", "display", "display_options", "readonly", "hidden", "sort", "width", "translations", "note", "conditions", "required", "group", "validation", "validation_message") VALUES (DEFAULT, 'User', 'nickName', NULL, 'input', NULL, NULL, NULL, true, false, 3, 'half', NULL, NULL, NULL, false, 'Profile', NULL, NULL);
INSERT INTO "directus_fields" ("id", "collection", "field", "special", "interface", "options", "display", "display_options", "readonly", "hidden", "sort", "width", "translations", "note", "conditions", "required", "group", "validation", "validation_message") VALUES (DEFAULT, 'User', 'introduction', NULL, 'input', NULL, NULL, NULL, true, false, 4, 'half', NULL, NULL, NULL, false, 'Profile', NULL, NULL);
INSERT INTO "directus_fields" ("id", "collection", "field", "special", "interface", "options", "display", "display_options", "readonly", "hidden", "sort", "width", "translations", "note", "conditions", "required", "group", "validation", "validation_message") VALUES (DEFAULT, 'User', 'deleted', 'cast-boolean', NULL, NULL, NULL, NULL, true, false, 6, 'half', NULL, NULL, NULL, false, 'Profile', NULL, NULL);
INSERT INTO "directus_fields" ("id", "collection", "field", "special", "interface", "options", "display", "display_options", "readonly", "hidden", "sort", "width", "translations", "note", "conditions", "required", "group", "validation", "validation_message") VALUES (DEFAULT, 'User', 'createdAt', NULL, NULL, NULL, NULL, NULL, true, false, 7, 'half', NULL, NULL, NULL, false, 'Profile', NULL, NULL);
INSERT INTO "directus_fields" ("id", "collection", "field", "special", "interface", "options", "display", "display_options", "readonly", "hidden", "sort", "width", "translations", "note", "conditions", "required", "group", "validation", "validation_message") VALUES (DEFAULT, 'User', 'locationPublic', NULL, 'boolean', NULL, 'boolean', NULL, true, false, 8, 'half', NULL, NULL, NULL, false, 'Profile', NULL, NULL);
INSERT INTO "directus_fields" ("id", "collection", "field", "special", "interface", "options", "display", "display_options", "readonly", "hidden", "sort", "width", "translations", "note", "conditions", "required", "group", "validation", "validation_message") VALUES (DEFAULT, 'User', 'notificationsEnabled', 'cast-boolean', 'boolean', NULL, NULL, NULL, true, false, 9, 'half', NULL, NULL, NULL, false, 'Profile', NULL, NULL);
INSERT INTO "directus_fields" ("id", "collection", "field", "special", "interface", "options", "display", "display_options", "readonly", "hidden", "sort", "width", "translations", "note", "conditions", "required", "group", "validation", "validation_message") VALUES (DEFAULT, 'NftCollection', 'nftInformation', 'alias,no-data,group', 'group-detail', NULL, NULL, NULL, false, false, 1, 'full', NULL, NULL, NULL, false, NULL, NULL, NULL);
INSERT INTO "directus_relations" ("id", "many_collection", "many_field", "one_collection", "one_field", "one_collection_field", "one_allowed_collections", "junction_field", "sort_field", "one_deselect_action") VALUES (DEFAULT, 'SpaceBenefit', 'spaceId', 'Space', 'benefits', NULL, NULL, NULL, NULL, 'delete');
INSERT INTO "directus_relations" ("id", "many_collection", "many_field", "one_collection", "one_field", "one_collection_field", "one_allowed_collections", "junction_field", "sort_field", "one_deselect_action") VALUES (DEFAULT, 'Wallet', 'userId', 'User', 'wallets', NULL, NULL, NULL, NULL, 'nullify');
INSERT INTO "directus_relations" ("id", "many_collection", "many_field", "one_collection", "one_field", "one_collection_field", "one_allowed_collections", "junction_field", "sort_field", "one_deselect_action") VALUES (DEFAULT, 'Nft', 'ownedWalletAddress', 'Wallet', 'nfts', 'publicAddress', NULL, NULL, NULL, 'nullify');
INSERT INTO "directus_relations" ("id", "many_collection", "many_field", "one_collection", "one_field", "one_collection_field", "one_allowed_collections", "junction_field", "sort_field", "one_deselect_action") VALUES (DEFAULT, 'SpaceBenefitUsage', 'userId', 'User', 'benefitUsages', NULL, NULL, NULL, NULL, 'nullify');
INSERT INTO "directus_relations" ("id", "many_collection", "many_field", "one_collection", "one_field", "one_collection_field", "one_allowed_collections", "junction_field", "sort_field", "one_deselect_action") VALUES (DEFAULT, 'SpaceBenefitUsage', 'benefitId', 'SpaceBenefit', 'benefitUsage', NULL, NULL, NULL, NULL, 'nullify');
INSERT INTO "directus_relations" ("id", "many_collection", "many_field", "one_collection", "one_field", "one_collection_field", "one_allowed_collections", "junction_field", "sort_field", "one_deselect_action") VALUES (DEFAULT, 'Nft', 'tokenAddress', 'NftCollection', 'nfts', NULL, NULL, NULL, NULL, 'nullify');
INSERT INTO "directus_relations" ("id", "many_collection", "many_field", "one_collection", "one_field", "one_collection_field", "one_allowed_collections", "junction_field", "sort_field", "one_deselect_action") VALUES (DEFAULT, 'SpaceBenefitUsage', 'tokenAddress', 'NftCollection', 'benefitUsages', NULL, NULL, NULL, NULL, 'nullify');
INSERT INTO "directus_collections" ("collection", "icon", "note", "display_template", "hidden", "singleton", "translations", "archive_field", "archive_app_filter", "archive_value", "unarchive_value", "sort_field", "accountability", "color", "item_duplication_fields", "sort", "group", "collapse", "preview_url", "versioning") VALUES ('Wallet', 'account_balance_wallet', NULL, NULL, false, false, NULL, NULL, true, NULL, NULL, NULL, 'all', '#E35169', NULL, 1, 'User', 'open', NULL, false);
INSERT INTO "directus_collections" ("collection", "icon", "note", "display_template", "hidden", "singleton", "translations", "archive_field", "archive_app_filter", "archive_value", "unarchive_value", "sort_field", "accountability", "color", "item_duplication_fields", "sort", "group", "collapse", "preview_url", "versioning") VALUES ('UserLastKnownSpace', 'location_on', NULL, NULL, false, false, NULL, NULL, true, NULL, NULL, NULL, 'all', '#E35169', NULL, 2, 'User', 'open', NULL, false);
INSERT INTO "directus_collections" ("collection", "icon", "note", "display_template", "hidden", "singleton", "translations", "archive_field", "archive_app_filter", "archive_value", "unarchive_value", "sort_field", "accountability", "color", "item_duplication_fields", "sort", "group", "collapse", "preview_url", "versioning") VALUES ('SpaceBenefitUsage', 'electric_bolt', NULL, NULL, false, false, '[{"language":"ko-KR","translation":"SpaceBenefitUsage(혜택 사용)"}]', NULL, true, NULL, NULL, NULL, 'all', '#A2B5CD', NULL, 3, 'User', 'open', NULL, false);
INSERT INTO "directus_collections" ("collection", "icon", "note", "display_template", "hidden", "singleton", "translations", "archive_field", "archive_app_filter", "archive_value", "unarchive_value", "sort_field", "accountability", "color", "item_duplication_fields", "sort", "group", "collapse", "preview_url", "versioning") VALUES ('User', 'person', NULL, '{{nickName}}', false, false, NULL, NULL, true, NULL, NULL, NULL, 'all', '#E35169', NULL, 1, NULL, 'open', NULL, false);
INSERT INTO "directus_collections" ("collection", "icon", "note", "display_template", "hidden", "singleton", "translations", "archive_field", "archive_app_filter", "archive_value", "unarchive_value", "sort_field", "accountability", "color", "item_duplication_fields", "sort", "group", "collapse", "preview_url", "versioning") VALUES ('NftCollection', 'token', NULL, NULL, false, false, NULL, NULL, true, NULL, NULL, NULL, 'all', '#FFFFFF', NULL, 2, NULL, 'open', NULL, false);
INSERT INTO "directus_collections" ("collection", "icon", "note", "display_template", "hidden", "singleton", "translations", "archive_field", "archive_app_filter", "archive_value", "unarchive_value", "sort_field", "accountability", "color", "item_duplication_fields", "sort", "group", "collapse", "preview_url", "versioning") VALUES ('Space', 'restaurant', NULL, '{{name}}', false, false, NULL, NULL, true, NULL, NULL, NULL, 'all', NULL, NULL, 3, NULL, 'open', NULL, false);
INSERT INTO "directus_collections" ("collection", "icon", "note", "display_template", "hidden", "singleton", "translations", "archive_field", "archive_app_filter", "archive_value", "unarchive_value", "sort_field", "accountability", "color", "item_duplication_fields", "sort", "group", "collapse", "preview_url", "versioning") VALUES ('WelcomeNft', 'cruelty_free', NULL, NULL, false, false, NULL, NULL, true, NULL, NULL, NULL, 'all', '#3399FF', NULL, 4, NULL, 'open', NULL, false);
INSERT INTO "directus_collections" ("collection", "icon", "note", "display_template", "hidden", "singleton", "translations", "archive_field", "archive_app_filter", "archive_value", "unarchive_value", "sort_field", "accountability", "color", "item_duplication_fields", "sort", "group", "collapse", "preview_url", "versioning") VALUES ('Announcements', 'notifications', NULL, NULL, false, false, NULL, NULL, true, NULL, NULL, NULL, 'all', '#FFFFFF', NULL, 5, NULL, 'open', NULL, false);
INSERT INTO "directus_collections" ("collection", "icon", "note", "display_template", "hidden", "singleton", "translations", "archive_field", "archive_app_filter", "archive_value", "unarchive_value", "sort_field", "accountability", "color", "item_duplication_fields", "sort", "group", "collapse", "preview_url", "versioning") VALUES ('SystemConfig', 'settings', NULL, NULL, false, true, NULL, NULL, true, NULL, NULL, NULL, 'all', '#3C82DD', NULL, 6, NULL, 'open', NULL, false);
INSERT INTO "directus_collections" ("collection", "icon", "note", "display_template", "hidden", "singleton", "translations", "archive_field", "archive_app_filter", "archive_value", "unarchive_value", "sort_field", "accountability", "color", "item_duplication_fields", "sort", "group", "collapse", "preview_url", "versioning") VALUES ('Nft', 'token', NULL, NULL, false, false, NULL, NULL, true, NULL, NULL, NULL, 'all', '#FFFFFF', NULL, 1, 'NftCollection', 'open', NULL, false);
INSERT INTO "directus_collections" ("collection", "icon", "note", "display_template", "hidden", "singleton", "translations", "archive_field", "archive_app_filter", "archive_value", "unarchive_value", "sort_field", "accountability", "color", "item_duplication_fields", "sort", "group", "collapse", "preview_url", "versioning") VALUES ('NftCollectionPoints', 'token', NULL, NULL, false, false, NULL, NULL, true, NULL, NULL, NULL, 'all', '#FFFFFF', NULL, 2, 'NftCollection', 'open', NULL, false);
INSERT INTO "directus_collections" ("collection", "icon", "note", "display_template", "hidden", "singleton", "translations", "archive_field", "archive_app_filter", "archive_value", "unarchive_value", "sort_field", "accountability", "color", "item_duplication_fields", "sort", "group", "collapse", "preview_url", "versioning") VALUES ('NftCollectionMemberPoints', 'token', NULL, NULL, false, false, NULL, NULL, true, NULL, NULL, NULL, 'all', '#FFFFFF', NULL, 3, 'NftCollection', 'open', NULL, false);
INSERT INTO "directus_collections" ("collection", "icon", "note", "display_template", "hidden", "singleton", "translations", "archive_field", "archive_app_filter", "archive_value", "unarchive_value", "sort_field", "accountability", "color", "item_duplication_fields", "sort", "group", "collapse", "preview_url", "versioning") VALUES ('SpaceUser', 'person_celebrate', NULL, NULL, false, false, NULL, NULL, true, NULL, NULL, NULL, 'all', NULL, NULL, 1, 'Space', 'open', NULL, false);
INSERT INTO "directus_collections" ("collection", "icon", "note", "display_template", "hidden", "singleton", "translations", "archive_field", "archive_app_filter", "archive_value", "unarchive_value", "sort_field", "accountability", "color", "item_duplication_fields", "sort", "group", "collapse", "preview_url", "versioning") VALUES ('SpaceUserInvites', 'mail', NULL, NULL, false, false, NULL, NULL, true, NULL, NULL, NULL, 'all', NULL, NULL, 2, 'Space', 'open', NULL, false);
INSERT INTO "directus_collections" ("collection", "icon", "note", "display_template", "hidden", "singleton", "translations", "archive_field", "archive_app_filter", "archive_value", "unarchive_value", "sort_field", "accountability", "color", "item_duplication_fields", "sort", "group", "collapse", "preview_url", "versioning") VALUES ('SpaceBenefit', 'electric_bolt', NULL, NULL, false, false, NULL, NULL, true, NULL, NULL, NULL, 'all', '#A2B5CD', NULL, 3, 'Space', 'open', NULL, false);
SET session_replication_role = 'origin';
